Title,Price,Rating,Availability,Category
A Light in the Attic,Â£51.77,Three,In stock,Poetry
Tipping the Velvet,Â£53.74,One,In stock,Historical Fiction
Soumission,Â£50.10,One,In stock,Fiction
Sharp Objects,Â£47.82,Four,In stock,Mystery
Sapiens: A Brief History of Humankind,Â£54.23,Five,In stock,History
The Requiem Red,Â£22.65,One,In stock,Young Adult
The Dirty Little Secrets of Getting Your Dream Job,Â£33.34,Four,In stock,Business
"The Coming Woman: A Novel Based on the Life of the Infamous Feminist, Victoria Woodhull",Â£17.93,Three,In stock,Default
The Boys in the Boat: Nine Americans and Their Epic Quest for Gold at the 1936 Berlin Olympics,Â£22.60,Four,In stock,Default
The Black Maria,Â£52.15,One,In stock,Poetry
"Starving Hearts (Triangular Trade Trilogy, #1)",Â£13.99,Two,In stock,Default
Shakespeare's Sonnets,Â£20.66,Four,In stock,Poetry
Set Me Free,Â£17.46,Five,In stock,Young Adult
Scott Pilgrim's Precious Little Life (Scott Pilgrim #1),Â£52.29,Five,In stock,Sequential Art
Rip it Up and Start Again,Â£35.02,Five,In stock,Music
"Our Band Could Be Your Life: Scenes from the American Indie Underground, 1981-1991",Â£57.25,Three,In stock,Music
Olio,Â£23.88,One,In stock,Poetry
Mesaerion: The Best Science Fiction Stories 1800-1849,Â£37.59,One,In stock,Science Fiction
Libertarianism for Beginners,Â£51.33,Two,In stock,Politics
It's Only the Himalayas,Â£45.17,Two,In stock,Travel
In Her Wake,Â£12.84,One,In stock,Thriller
How Music Works,Â£37.32,Two,In stock,Music
"Foolproof Preserving: A Guide to Small Batch Jams, Jellies, Pickles, Condiments, and More: A Foolproof Guide to Making Small Batch Jams, Jellies, Pickles, Condiments, and More",Â£30.52,Three,In stock,Food and Drink
Chase Me (Paris Nights #2),Â£25.27,Five,In stock,Romance
Black Dust,Â£34.53,Five,In stock,Romance
Birdsong: A Story in Pictures,Â£54.64,Three,In stock,Childrens
America's Cradle of Quarterbacks: Western Pennsylvania's Football Factory from Johnny Unitas to Joe Montana,Â£22.50,Three,In stock,Default
Aladdin and His Wonderful Lamp,Â£53.13,Three,In stock,Default
Worlds Elsewhere: Journeys Around Shakespeareâs Globe,Â£40.30,Five,In stock,Nonfiction
Wall and Piece,Â£44.18,Four,In stock,Art
The Four Agreements: A Practical Guide to Personal Freedom,Â£17.66,Five,In stock,Spirituality
The Five Love Languages: How to Express Heartfelt Commitment to Your Mate,Â£31.05,Three,In stock,Nonfiction
The Elephant Tree,Â£23.82,Five,In stock,Thriller
The Bear and the Piano,Â£36.89,One,In stock,Childrens
Sophie's World,Â£15.94,Five,In stock,Philosophy
Penny Maybe,Â£33.29,Three,In stock,Default
Maude (1883-1993):She Grew Up with the country,Â£18.02,Two,In stock,Default
"In a Dark, Dark Wood",Â£19.63,One,In stock,Mystery
Behind Closed Doors,Â£52.22,Four,In stock,Thriller
You can't bury them all: Poems,Â£33.63,Two,In stock,Poetry
Slow States of Collapse: Poems,Â£57.31,Three,In stock,Poetry
Reasons to Stay Alive,Â£26.41,Two,In stock,Nonfiction
Private Paris (Private #10),Â£47.61,Five,In stock,Fiction
#HigherSelfie: Wake Up Your Life. Free Your Soul. Find Your Tribe.,Â£23.11,Five,In stock,Nonfiction
Without Borders (Wanderlove #1),Â£45.07,Two,In stock,New Adult
When We Collided,Â£31.77,One,In stock,Contemporary
"We Love You, Charlie Freeman",Â£50.27,Five,In stock,Fiction
Untitled Collection: Sabbath Poems 2014,Â£14.27,Four,In stock,Poetry
"Unseen City: The Majesty of Pigeons, the Discreet Charm of Snails & Other Wonders of the Urban Wilderness",Â£44.18,Four,In stock,Nonfiction
Unicorn Tracks,Â£18.78,Three,In stock,Fantasy
"Unbound: How Eight Technologies Made Us Human, Transformed Society, and Brought Our World to the Brink",Â£25.52,One,In stock,History
Tsubasa: WoRLD CHRoNiCLE 2 (Tsubasa WoRLD CHRoNiCLE #2),Â£16.28,One,In stock,Sequential Art
Throwing Rocks at the Google Bus: How Growth Became the Enemy of Prosperity,Â£31.12,Three,In stock,Nonfiction
This One Summer,Â£19.49,Four,In stock,Sequential Art
Thirst,Â£17.27,Five,In stock,Fiction
The Torch Is Passed: A Harding Family Story,Â£19.09,One,In stock,Add a comment
The Secret of Dreadwillow Carse,Â£56.13,One,In stock,Childrens
"The Pioneer Woman Cooks: Dinnertime: Comfort Classics, Freezer Food, 16-Minute Meals, and Other Delicious Ways to Solve Supper!",Â£56.41,One,In stock,Food and Drink
The Past Never Ends,Â£56.50,Four,In stock,Mystery
The Natural History of Us (The Fine Art of Pretending #2),Â£45.22,Three,In stock,Young Adult
The Nameless City (The Nameless City #1),Â£38.16,Four,In stock,Sequential Art
The Murder That Never Was (Forensic Instincts #5),Â£54.11,Three,In stock,Fiction
The Most Perfect Thing: Inside (and Outside) a Bird's Egg,Â£42.96,Four,In stock,Science
"The Mindfulness and Acceptance Workbook for Anxiety: A Guide to Breaking Free from Anxiety, Phobias, and Worry Using Acceptance and Commitment Therapy",Â£23.89,Four,In stock,Add a comment
The Life-Changing Magic of Tidying Up: The Japanese Art of Decluttering and Organizing,Â£16.77,Three,In stock,Nonfiction
"The Inefficiency Assassin: Time Management Tactics for Working Smarter, Not Longer",Â£20.59,Five,In stock,Default
The Gutsy Girl: Escapades for Your Life of Epic Adventure,Â£37.13,One,In stock,Nonfiction
The Electric Pencil: Drawings from Inside State Hospital No. 3,Â£56.06,One,In stock,Nonfiction
The Death of Humanity: and the Case for Life,Â£58.11,Four,In stock,Philosophy
"The Bulletproof Diet: Lose up to a Pound a Day, Reclaim Energy and Focus, Upgrade Your Life",Â£49.05,Three,In stock,Health
The Art Forger,Â£40.76,Three,In stock,Add a comment
The Age of Genius: The Seventeenth Century and the Birth of the Modern Mind,Â£19.73,One,In stock,History
The Activist's Tao Te Ching: Ancient Advice for a Modern Revolution,Â£32.24,Five,In stock,Spirituality
Spark Joy: An Illustrated Master Class on the Art of Organizing and Tidying Up,Â£41.83,Four,In stock,Nonfiction
Soul Reader,Â£39.58,Two,In stock,Default
Security,Â£39.25,Two,In stock,Horror
"Saga, Volume 6 (Saga (Collected Editions) #6)",Â£25.02,Three,In stock,Fantasy
"Saga, Volume 5 (Saga (Collected Editions) #5)",Â£51.04,Two,In stock,Sequential Art
Reskilling America: Learning to Labor in the Twenty-First Century,Â£19.83,Two,In stock,Nonfiction
"Rat Queens, Vol. 3: Demons (Rat Queens (Collected Editions) #11-15)",Â£50.40,Three,In stock,Sequential Art
"Princess Jellyfish 2-in-1 Omnibus, Vol. 01 (Princess Jellyfish 2-in-1 Omnibus #1)",Â£13.61,Five,In stock,Sequential Art
Princess Between Worlds (Wide-Awake Princess #5),Â£13.34,Five,In stock,Fantasy
"Pop Gun War, Volume 1: Gift",Â£18.97,One,In stock,Sequential Art
"Political Suicide: Missteps, Peccadilloes, Bad Calls, Backroom Hijinx, Sordid Pasts, Rotten Breaks, and Just Plain Dumb Mistakes in the Annals of American Politics",Â£36.28,Two,In stock,History
Patience,Â£10.16,Three,In stock,Sequential Art
"Outcast, Vol. 1: A Darkness Surrounds Him (Outcast #1)",Â£15.44,Four,In stock,Sequential Art
orange: The Complete Collection 1 (orange: The Complete Collection #1),Â£48.41,One,In stock,Sequential Art
Online Marketing for Busy Authors: A Step-By-Step Guide,Â£46.35,One,In stock,Self Help
On a Midnight Clear,Â£14.07,Three,In stock,Add a comment
Obsidian (Lux #1),Â£14.86,Two,In stock,Young Adult
My Paris Kitchen: Recipes and Stories,Â£33.37,Two,In stock,Food and Drink
Masks and Shadows,Â£56.40,Two,In stock,Fantasy
"Mama Tried: Traditional Italian Cooking for the Screwed, Crude, Vegan, and Tattooed",Â£14.02,Four,In stock,Food and Drink
"Lumberjanes, Vol. 2: Friendship to the Max (Lumberjanes #5-8)",Â£46.91,Two,In stock,Sequential Art
"Lumberjanes, Vol. 1: Beware the Kitten Holy (Lumberjanes #1-4)",Â£45.61,Three,In stock,Sequential Art
Lumberjanes Vol. 3: A Terrible Plan (Lumberjanes #9-12),Â£19.92,Two,In stock,Sequential Art
"Layered: Baking, Building, and Styling Spectacular Cakes",Â£40.11,One,In stock,Food and Drink
Judo: Seven Steps to Black Belt (an Introductory Guide for Beginners),Â£53.90,Two,In stock,Add a comment
Join,Â£35.67,Five,In stock,Science Fiction
In the Country We Love: My Family Divided,Â£22.00,Four,In stock,Nonfiction
Immunity: How Elie Metchnikoff Changed the Course of Modern Medicine,Â£57.36,Five,In stock,Science
"I Hate Fairyland, Vol. 1: Madly Ever After (I Hate Fairyland (Compilations) #1-5)",Â£29.17,Two,In stock,Sequential Art
I am a Hero Omnibus Volume 1,Â£54.63,Three,In stock,Sequential Art
How to Be Miserable: 40 Strategies You Already Use,Â£46.03,One,In stock,Self Help
Her Backup Boyfriend (The Sorensen Family #1),Â£33.97,One,In stock,Romance
"Giant Days, Vol. 2 (Giant Days #5-8)",Â£22.11,Two,In stock,Sequential Art
Forever and Forever: The Courtship of Henry Longfellow and Fanny Appleton,Â£29.69,Three,In stock,Historical Fiction
First and First (Five Boroughs #3),Â£15.97,Four,In stock,Romance
Fifty Shades Darker (Fifty Shades #2),Â£21.96,One,In stock,Romance
Everydata: The Misinformation Hidden in the Little Data You Consume Every Day,Â£54.35,Two,In stock,Nonfiction
"Don't Be a Jerk: And Other Practical Advice from Dogen, Japan's Greatest Zen Master",Â£37.97,Two,In stock,Religion
Danganronpa Volume 1,Â£51.99,Four,In stock,Sequential Art
Crown of Midnight (Throne of Glass #2),Â£43.29,Three,In stock,Fantasy
"Codename Baboushka, Volume 1: The Conclave of Death",Â£36.72,Four,In stock,Sequential Art
Camp Midnight,Â£17.08,Four,In stock,Sequential Art
Call the Nurse: True Stories of a Country Nurse on a Scottish Isle,Â£29.14,Five,In stock,Nonfiction
Burning,Â£28.81,Three,In stock,Young Adult
Bossypants,Â£49.46,Two,In stock,Default
"Bitch Planet, Vol. 1: Extraordinary Machine (Bitch Planet (Collected Editions))",Â£37.92,Two,In stock,Sequential Art
"Avatar: The Last Airbender: Smoke and Shadow, Part 3 (Smoke and Shadow #3)",Â£28.09,Two,In stock,Fantasy
Algorithms to Live By: The Computer Science of Human Decisions,Â£30.81,One,In stock,Nonfiction
A World of Flavor: Your Gluten Free Passport,Â£42.95,One,In stock,Default
"A Piece of Sky, a Grain of Rice: A Memoir in Four Meditations",Â£56.76,Five,In stock,Default
A Murder in Time,Â£16.64,One,In stock,Mystery
A Flight of Arrows (The Pathfinders #2),Â£55.53,Five,In stock,Historical Fiction
A Fierce and Subtle Poison,Â£28.13,Four,In stock,Young Adult
A Court of Thorns and Roses (A Court of Thorns and Roses #1),Â£52.37,One,In stock,Fantasy
(Un)Qualified: How God Uses Broken People to Do Big Things,Â£54.00,Five,In stock,Christian
You Are What You Love: The Spiritual Power of Habit,Â£21.87,Four,In stock,Religion
"William Shakespeare's Star Wars: Verily, A New Hope (William Shakespeare's Star Wars #4)",Â£43.30,Four,In stock,Science Fiction
Tuesday Nights in 1980,Â£21.04,Two,In stock,Fiction
Tracing Numbers on a Train,Â£41.60,Three,In stock,Default
Throne of Glass (Throne of Glass #1),Â£35.07,Three,In stock,Fantasy
Thomas Jefferson and the Tripoli Pirates: The Forgotten War That Changed American History,Â£59.64,One,In stock,History
Thirteen Reasons Why,Â£52.72,One,In stock,Default
The White Cat and the Monk: A Retelling of the Poem âPangur BÃ¡nâ,Â£58.08,Four,In stock,Childrens
The Wedding Dress,Â£24.12,One,In stock,Romance
The Vacationers,Â£42.15,Four,In stock,Fiction
The Third Wave: An Entrepreneurâs Vision of the Future,Â£12.61,Five,In stock,Business
The Stranger,Â£17.44,Four,In stock,Philosophy
The Shadow Hero (The Shadow Hero),Â£33.14,One,In stock,Sequential Art
The Secret (The Secret #1),Â£27.37,Four,In stock,Default
The Regional Office Is Under Attack!,Â£51.36,Five,In stock,Fiction
The Psychopath Test: A Journey Through the Madness Industry,Â£36.00,Two,In stock,Default
The Project,Â£10.65,One,In stock,Science Fiction
The Power of Now: A Guide to Spiritual Enlightenment,Â£43.54,Two,In stock,Nonfiction
The Omnivore's Dilemma: A Natural History of Four Meals,Â£38.21,Two,In stock,Nonfiction
The Nerdy Nummies Cookbook: Sweet Treats for the Geek in All of Us,Â£37.34,Five,In stock,Food and Drink
The Murder of Roger Ackroyd (Hercule Poirot #4),Â£44.10,Four,In stock,Mystery
The Mistake (Off-Campus #2),Â£43.29,Three,In stock,New Adult
The Matchmaker's Playbook (Wingmen Inc. #1),Â£55.85,One,In stock,New Adult
The Love and Lemons Cookbook: An Apple-to-Zucchini Celebration of Impromptu Cooking,Â£37.60,Two,In stock,Food and Drink
The Long Shadow of Small Ghosts: Murder and Memory in an American City,Â£10.97,One,In stock,Crime
The Kite Runner,Â£41.82,Four,In stock,Default
The House by the Lake,Â£36.95,One,In stock,Historical Fiction
The Glittering Court (The Glittering Court #1),Â£44.28,One,In stock,Fantasy
The Girl on the Train,Â£55.02,Two,In stock,Default
The Genius of Birds,Â£17.24,One,In stock,Nonfiction
The Emerald Mystery,Â£23.15,Two,In stock,Default
The Cookies & Cups Cookbook: 125+ sweet & savory recipes reminding you to Always Eat Dessert First,Â£41.25,One,In stock,Food and Drink
The Bridge to Consciousness: I'm Writing the Bridge Between Science and Our Old and New Beliefs.,Â£32.00,Three,In stock,Default
The Artist's Way: A Spiritual Path to Higher Creativity,Â£38.49,Five,In stock,Nonfiction
The Art of War,Â£33.34,Five,In stock,Default
The Argonauts,Â£10.93,Two,In stock,Autobiography
The 10% Entrepreneur: Live Your Startup Dream Without Quitting Your Day Job,Â£27.55,Three,In stock,Business
Suddenly in Love (Lake Haven #1),Â£55.99,Two,In stock,Romance
Something More Than This,Â£16.24,Four,In stock,Romance
Soft Apocalypse,Â£26.12,Two,In stock,Science Fiction
So You've Been Publicly Shamed,Â£12.23,Two,In stock,Nonfiction
Shoe Dog: A Memoir by the Creator of NIKE,Â£23.99,Two,In stock,Business
"Shobu Samurai, Project Aryoku (#3)",Â£29.06,Three,In stock,Add a comment
Secrets and Lace (Fatal Hearts #1),Â£20.27,One,In stock,Default
Scarlett Epstein Hates It Here,Â£43.55,Five,In stock,Young Adult
Romero and Juliet: A Tragic Tale of Love and Zombies,Â£36.94,One,In stock,Default
Redeeming Love,Â£20.47,Five,In stock,Christian Fiction
Poses for Artists Volume 1 - Dynamic and Sitting Poses: An Essential Reference for Figure Drawing and the Human Form,Â£41.06,One,In stock,Default
Poems That Make Grown Women Cry,Â£14.19,Four,In stock,Poetry
"Nightingale, Sing",Â£38.28,One,In stock,Young Adult
Night Sky with Exit Wounds,Â£41.05,One,In stock,Poetry
Mrs. Houdini,Â£30.25,Five,In stock,Historical Fiction
Modern Romance,Â£28.26,Five,In stock,Add a comment
Miss Peregrineâs Home for Peculiar Children (Miss Peregrineâs Peculiar Children #1),Â£10.76,One,In stock,Default
Louisa: The Extraordinary Life of Mrs. Adams,Â£16.85,Two,In stock,Biography
Little Red,Â£13.47,Three,In stock,Childrens
Library of Souls (Miss Peregrineâs Peculiar Children #3),Â£48.56,Five,In stock,Young Adult
Large Print Heart of the Pride,Â£19.15,Two,In stock,Default
I Had a Nice Time And Other Lies...: How to find love & sh*t like that,Â£57.36,Four,In stock,Womens Fiction
Hollow City (Miss Peregrineâs Peculiar Children #2),Â£42.98,One,In stock,Fantasy
Grumbles,Â£22.16,Two,In stock,Default
Full Moon over Noahâs Ark: An Odyssey to Mount Ararat and Beyond,Â£49.43,Four,In stock,Travel
Frostbite (Vampire Academy #2),Â£29.99,Five,In stock,Young Adult
Follow You Home,Â£21.36,One,In stock,Horror
First Steps for New Christians (Print Edition),Â£29.00,One,In stock,Default
Finders Keepers (Bill Hodges Trilogy #2),Â£53.53,Five,In stock,Fiction
"Fables, Vol. 1: Legends in Exile (Fables #1)",Â£41.62,Four,In stock,Sequential Art
Eureka Trivia 6.0,Â£54.59,Four,In stock,Default
Drive: The Surprising Truth About What Motivates Us,Â£34.95,Four,In stock,Default
Done Rubbed Out (Reightman & Bailey #1),Â£37.72,Five,In stock,Default
Doing It Over (Most Likely To #1),Â£35.61,Three,In stock,Romance
"Deliciously Ella Every Day: Quick and Easy Recipes for Gluten-Free Snacks, Packed Lunches, and Simple Meals",Â£42.16,Three,In stock,Food and Drink
Dark Notes,Â£19.19,Five,In stock,Erotica
"Daring Greatly: How the Courage to Be Vulnerable Transforms the Way We Live, Love, Parent, and Lead",Â£19.43,Three,In stock,Nonfiction
Close to You,Â£49.46,Four,In stock,Christian Fiction
Chasing Heaven: What Dying Taught Me About Living,Â£37.80,Two,In stock,Spirituality
Big Magic: Creative Living Beyond Fear,Â£30.80,Three,In stock,Nonfiction
Becoming Wise: An Inquiry into the Mystery and Art of Living,Â£27.43,Two,In stock,Nonfiction
Beauty Restored (Riley Family Legacy Novellas #3),Â£11.11,Two,In stock,Default
Batman: The Long Halloween (Batman),Â£36.50,Two,In stock,Sequential Art
Batman: The Dark Knight Returns (Batman),Â£15.38,Five,In stock,Sequential Art
Ayumi's Violin,Â£15.48,Two,In stock,Default
Anonymous,Â£46.82,Four,In stock,Default
Amy Meets the Saints and Sages,Â£18.46,Three,In stock,Default
Amid the Chaos,Â£36.58,One,In stock,Cultural
Amatus,Â£50.54,Five,In stock,Default
Agnostic: A Spirited Manifesto,Â£12.51,Five,In stock,Nonfiction
Zealot: The Life and Times of Jesus of Nazareth,Â£24.70,Three,In stock,History
You (You #1),Â£43.61,Five,In stock,Thriller
"Wonder Woman: Earth One, Volume One (Wonder Woman: Earth One #1)",Â£37.34,Four,In stock,Sequential Art
Wild Swans,Â£14.36,Two,In stock,Young Adult
Why the Right Went Wrong: Conservatism--From Goldwater to the Tea Party and Beyond,Â£52.65,Four,In stock,Politics
Whole Lotta Creativity Going On: 60 Fun and Unusual Exercises to Awaken and Strengthen Your Creativity,Â£38.20,Four,In stock,Nonfiction
What's It Like in Space?: Stories from Astronauts Who've Been There,Â£19.60,Two,In stock,Nonfiction
"We Are Robin, Vol. 1: The Vigilante Business (We Are Robin #1)",Â£53.90,One,In stock,Sequential Art
Walt Disney's Alice in Wonderland,Â£12.96,Five,In stock,Childrens
V for Vendetta (V for Vendetta Complete),Â£37.10,Four,In stock,Default
Until Friday Night (The Field Party #1),Â£46.31,Two,In stock,Young Adult
"Unbroken: A World War II Story of Survival, Resilience, and Redemption",Â£45.95,Two,In stock,Default
Twenty Yawns,Â£22.08,Two,In stock,Childrens
Through the Woods,Â£25.38,Two,In stock,Sequential Art
This Is Where It Ends,Â£27.12,Two,In stock,Young Adult
The Year of Magical Thinking,Â£43.04,Two,In stock,Nonfiction
The Wright Brothers,Â£56.80,Four,In stock,Default
The White Queen (The Cousins' War #1),Â£25.91,Five,In stock,Add a comment
The Wedding Pact (The O'Malleys #2),Â£32.61,Three,In stock,Romance
The Time Keeper,Â£27.88,Five,In stock,Fiction
The Testament of Mary,Â£52.67,Four,In stock,Fiction
The Star-Touched Queen,Â£46.02,Five,In stock,Fantasy
The Songs of the Gods,Â£44.48,Five,In stock,Default
The Song of Achilles,Â£37.40,Five,In stock,Add a comment
The Rosie Project (Don Tillman #1),Â£54.04,One,In stock,Default
The Power of Habit: Why We Do What We Do in Life and Business,Â£16.88,Three,In stock,Default
The Marriage of Opposites,Â£28.08,Four,In stock,Historical Fiction
The Lucifer Effect: Understanding How Good People Turn Evil,Â£10.40,One,In stock,Psychology
The Long Haul (Diary of a Wimpy Kid #9),Â£44.07,One,In stock,Humor
The Loney,Â£23.40,One,In stock,Horror
The Literature Book (Big Ideas Simply Explained),Â£17.43,Three,In stock,Nonfiction
The Last Mile (Amos Decker #2),Â£54.21,Two,In stock,Mystery
The Immortal Life of Henrietta Lacks,Â£40.67,Two,In stock,Add a comment
The Hidden Oracle (The Trials of Apollo #1),Â£52.26,Two,In stock,Fantasy
The Help Yourself Cookbook for Kids: 60 Easy Plant-Based Recipes Kids Can Make to Stay Healthy and Save the Earth,Â£28.77,Three,In stock,Food and Drink
The Guilty (Will Robie #4),Â£13.82,Two,In stock,Thriller
The First Hostage (J.B. Collins #2),Â£25.85,Three,In stock,Fiction
The Dovekeepers,Â£48.78,One,In stock,Add a comment
The Darkest Lie,Â£35.35,Five,In stock,Young Adult
The Bane Chronicles (The Bane Chronicles #1-11),Â£44.73,Four,In stock,Fantasy
The Bad-Ass Librarians of Timbuktu: And Their Race to Save the Worldâs Most Precious Manuscripts,Â£15.77,One,In stock,Nonfiction
The 14th Colony (Cotton Malone #11),Â£39.24,One,In stock,Thriller
That Darkness (Gardiner and Renner #1),Â£13.92,One,In stock,Mystery
Tastes Like Fear (DI Marnie Rome #3),Â£10.69,One,In stock,Mystery
Take Me with You,Â£45.21,Three,In stock,Fiction
Swell: A Year of Waves,Â£45.58,One,In stock,Nonfiction
Superman Vol. 1: Before Truth (Superman by Gene Luen Yang #1),Â£11.89,Five,In stock,Sequential Art
Still Life with Bread Crumbs,Â£26.41,Three,In stock,Fiction
Steve Jobs,Â£39.50,Five,In stock,Default
Sorting the Beef from the Bull: The Science of Food Fraud Forensics,Â£44.74,Four,In stock,Science
Someone Like You (The Harrisons #2),Â£52.79,Five,In stock,Contemporary
"So Cute It Hurts!!, Vol. 6 (So Cute It Hurts!! #6)",Â£35.43,Four,In stock,Sequential Art
Shtum,Â£55.84,Four,In stock,Fiction
See America: A Celebration of Our National Parks & Treasured Sites,Â£48.87,Three,In stock,Travel
salt.,Â£46.78,Four,In stock,Poetry
Robin War,Â£47.82,Three,In stock,Sequential Art
"Red Hood/Arsenal, Vol. 1: Open for Business (Red Hood/Arsenal #1)",Â£25.48,Two,In stock,Sequential Art
Rain Fish,Â£23.57,Three,In stock,Childrens
"Quarter Life Poetry: Poems for the Young, Broke and Hangry",Â£50.89,Five,In stock,Poetry
Pet Sematary,Â£10.56,Three,In stock,Horror
"Overload: How to Unplug, Unwind, and Unleash Yourself from the Pressure of Stress",Â£52.15,Three,In stock,Self Help
Once Was a Time,Â£18.28,Two,In stock,Childrens
Old School (Diary of a Wimpy Kid #10),Â£11.83,Five,In stock,Humor
No Dream Is Too High: Life Lessons From a Man Who Walked on the Moon,Â£21.95,Two,In stock,Nonfiction
"Naruto (3-in-1 Edition), Vol. 14: Includes Vols. 40, 41 & 42 (Naruto: Omnibus #14)",Â£38.39,Two,In stock,Sequential Art
My Name Is Lucy Barton,Â£41.56,One,In stock,Fiction
My Mrs. Brown,Â£24.48,Three,In stock,Fiction
My Kind of Crazy,Â£40.36,One,In stock,Young Adult
Mr. Mercedes (Bill Hodges Trilogy #1),Â£28.90,One,In stock,Fiction
More Than Music (Chasing the Dream #1),Â£37.61,Two,In stock,Add a comment
Made to Stick: Why Some Ideas Survive and Others Die,Â£38.85,Five,In stock,Business
Luis Paints the World,Â£53.95,Three,In stock,Childrens
Luckiest Girl Alive,Â£49.83,Three,In stock,Default
Lowriders to the Center of the Earth (Lowriders in Space #2),Â£51.51,Two,In stock,Sequential Art
Love Is a Mix Tape (Music #1),Â£18.03,One,In stock,Music
Looking for Lovely: Collecting the Moments that Matter,Â£29.14,Five,In stock,Nonfiction
"Living Leadership by Insight: A Good Leader Achieves, a Great Leader Builds Monuments",Â£46.91,Four,In stock,Default
Let It Out: A Journey Through Journaling,Â£26.79,Five,In stock,Nonfiction
Lady Midnight (The Dark Artifices #1),Â£16.28,Five,In stock,Default
"It's All Easy: Healthy, Delicious Weeknight Meals in under 30 Minutes",Â£19.55,One,In stock,Food and Drink
Island of Dragons (Unwanteds #7),Â£29.65,One,In stock,Fantasy
I Know What I'm Doing -- and Other Lies I Tell Myself: Dispatches from a Life Under Construction,Â£25.98,Four,In stock,Humor
I Am Pilgrim (Pilgrim #1),Â£10.60,Four,In stock,Fiction
"Hyperbole and a Half: Unfortunate Situations, Flawed Coping Mechanisms, Mayhem, and Other Things That Happened",Â£14.75,Five,In stock,Humor
"Hush, Hush (Hush, Hush #1)",Â£47.02,Three,In stock,Default
Hold Your Breath (Search and Rescue #1),Â£28.82,One,In stock,Romance
Hamilton: The Revolution,Â£58.79,Three,In stock,Nonfiction
Greek Mythic History,Â£10.23,Five,In stock,Default
God: The Most Unpleasant Character in All Fiction,Â£30.03,Five,In stock,Religion
Glory over Everything: Beyond The Kitchen House,Â£45.84,Three,In stock,Historical Fiction
Feathers: Displays of Brilliant Plumage,Â£49.05,Three,In stock,Art
"Far & Away: Places on the Brink of Change: Seven Continents, Twenty-Five Years",Â£15.06,Four,In stock,Nonfiction
Every Last Word,Â£46.47,Three,In stock,Default
Eligible (The Austen Project #4),Â£27.09,Three,In stock,Fiction
El Deafo,Â£57.62,Five,In stock,Sequential Art
Eight Hundred Grapes,Â£14.39,Four,In stock,Fiction
"Eaternity: More than 150 Deliciously Easy Vegan Recipes for a Long, Healthy, Satisfied, Joyful Life",Â£51.75,Five,In stock,Nonfiction
"Eat Fat, Get Thin",Â£54.07,Two,In stock,Health
Don't Get Caught,Â£55.35,One,In stock,Young Adult
Doctor Sleep (The Shining #2),Â£40.12,Two,In stock,Horror
Demigods & Magicians: Percy and Annabeth Meet the Kanes (Percy Jackson & Kane Chronicles Crossover #1-3),Â£37.51,Five,In stock,Fantasy
Dear Mr. Knightley,Â£11.21,Five,In stock,Fiction
Daily Fantasy Sports,Â£36.58,One,In stock,Default
Crazy Love: Overwhelmed by a Relentless God,Â£47.72,Two,In stock,Christian
Cometh the Hour (The Clifton Chronicles #6),Â£25.01,Three,In stock,Fiction
Code Name Verity (Code Name Verity #1),Â£22.13,Four,In stock,Add a comment
Clockwork Angel (The Infernal Devices #1),Â£44.14,One,In stock,Default
City of Glass (The Mortal Instruments #3),Â£56.02,Four,In stock,Fantasy
City of Fallen Angels (The Mortal Instruments #4),Â£11.23,Four,In stock,Default
City of Bones (The Mortal Instruments #1),Â£43.28,One,In stock,Default
City of Ashes (The Mortal Instruments #2),Â£47.27,One,In stock,Default
Cell,Â£20.29,Four,In stock,Add a comment
Catching Jordan (Hundred Oaks),Â£50.83,Three,In stock,Young Adult
"Carry On, Warrior: Thoughts on Life Unarmed",Â£31.85,Three,In stock,Default
Carrie,Â£46.23,Two,In stock,Default
Buying In: The Secret Dialogue Between What We Buy and Who We Are,Â£37.80,Four,In stock,Nonfiction
Brain on Fire: My Month of Madness,Â£49.32,Five,In stock,Nonfiction
Batman: Europa,Â£32.01,Two,In stock,Sequential Art
Barefoot Contessa Back to Basics,Â£28.01,One,In stock,Food and Drink
Barefoot Contessa at Home: Everyday Recipes You'll Make Over and Over Again,Â£50.62,Five,In stock,Food and Drink
Balloon Animals,Â£17.03,Three,In stock,Fiction
Art Ops Vol. 1,Â£48.80,Three,In stock,Sequential Art
Aristotle and Dante Discover the Secrets of the Universe (Aristotle and Dante Discover the Secrets of the Universe #1),Â£58.14,Four,In stock,Young Adult
Angels Walking (Angels Walking #1),Â£34.20,Two,In stock,Add a comment
Angels & Demons (Robert Langdon #1),Â£51.48,Three,In stock,Default
All the Light We Cannot See,Â£29.87,Five,In stock,Historical
"Adulthood Is a Myth: A ""Sarah's Scribbles"" Collection",Â£10.90,Two,In stock,Sequential Art
Abstract City,Â£56.37,Five,In stock,Nonfiction
A Time of Torment (Charlie Parker #14),Â£48.35,Five,In stock,Mystery
A Study in Scarlet (Sherlock Holmes #1),Â£16.73,Two,In stock,Mystery
"A Series of Catastrophes and Miracles: A True Story of Love, Science, and Cancer",Â£56.48,Two,In stock,Add a comment
A People's History of the United States,Â£40.79,Two,In stock,Add a comment
A Man Called Ove,Â£39.72,One,In stock,Fiction
A Distant Mirror: The Calamitous 14th Century,Â£14.58,Three,In stock,History
A Brush of Wings (Angels Walking #3),Â£55.51,One,In stock,Add a comment
1491: New Revelations of the Americas Before Columbus,Â£21.80,Three,In stock,History
"The Three Searches, Meaning, and the Story",Â£13.33,Three,In stock,Default
Searching for Meaning in Gailana,Â£38.73,One,In stock,Fantasy
Rook,Â£37.86,Four,In stock,Add a comment
My Kitchen Year: 136 Recipes That Saved My Life,Â£11.53,Two,In stock,Food and Drink
13 Hours: The Inside Account of What Really Happened In Benghazi,Â£27.06,One,In stock,Nonfiction
Will You Won't You Want Me?,Â£13.86,Three,In stock,Womens Fiction
Tipping Point for Planet Earth: How Close Are We to the Edge?,Â£37.55,One,In stock,Science
The Star-Touched Queen,Â£32.30,Five,In stock,Fantasy
The Silent Sister (Riley MacPherson #1),Â£46.29,Five,In stock,Fiction
The Midnight Watch: A Novel of the Titanic and the Californian,Â£26.20,One,In stock,Add a comment
The Lonely City: Adventures in the Art of Being Alone,Â£33.26,Two,In stock,Nonfiction
The Gray Rhino: How to Recognize and Act on the Obvious Dangers We Ignore,Â£59.15,Four,In stock,Add a comment
The Golden Condom: And Other Essays on Love Lost and Found,Â£39.43,One,In stock,Psychology
The Epidemic (The Program 0.6),Â£14.44,Five,In stock,Young Adult
The Dinner Party,Â£56.54,Two,In stock,Fiction
The Diary of a Young Girl,Â£59.90,Three,In stock,Nonfiction
The Children,Â£11.88,Three,In stock,Add a comment
Stars Above (The Lunar Chronicles #4.5),Â£48.05,Two,In stock,Young Adult
Snatched: How A Drug Queen Went Undercover for the DEA and Was Kidnapped By Colombian Guerillas,Â£21.21,Three,In stock,Nonfiction
Raspberry Pi Electronics Projects for the Evil Genius,Â£49.67,Four,In stock,Default
Quench Your Own Thirst: Business Lessons Learned Over a Beer or Two,Â£43.14,One,In stock,Business
Psycho: Sanitarium (Psycho #1.5),Â£36.97,Five,In stock,Horror
Poisonous (Max Revere Novels #3),Â£26.80,Three,In stock,Mystery
One with You (Crossfire #5),Â£15.71,Four,In stock,Add a comment
No Love Allowed (Dodge Cove #1),Â£54.65,Four,In stock,Young Adult
Murder at the 42nd Street Library (Raymond Ambler #1),Â£54.36,Four,In stock,Mystery
Most Wanted,Â£35.28,Three,In stock,Mystery
"Love, Lies and Spies",Â£20.55,Two,In stock,Historical Fiction
How to Speak Golf: An Illustrated Guide to Links Lingo,Â£58.32,Five,In stock,Default
